迭代次数,总损失,合成监督损失,真实伪标签损失,正伪标签比例,负伪标签比例,忽略比例,平均预测熵,正类概率阈值,负类概率阈值,残差阈值
1,0.6891818642616272,0.6880432963371277,0.15939950942993164,0.001678466796875,0.25,0.748321533203125,0.41825780272483826,0.72,0.13025493919849396,0.019787229597568512
2,0.6299727559089661,0.6278784871101379,0.14659862220287323,0.0007476806640625,0.25,0.7492523193359375,0.418840616941452,0.72,0.12852531671524048,0.02254820242524147
3,0.7799334526062012,0.7767739295959473,0.14744575321674347,0.0006256103515625,0.25,0.7493743896484375,0.4180619418621063,0.72,0.13053444027900696,0.019875744357705116
4,0.7581968903541565,0.7527490854263306,0.1906733512878418,0.004638671875,0.25,0.745361328125,0.42083340883255005,0.72,0.12975206971168518,0.020693248137831688
5,0.706253170967102,0.7009614706039429,0.14816699922084808,0.001953125,0.25,0.748046875,0.42053699493408203,0.72,0.12789878249168396,0.027181198820471764
6,0.7411985993385315,0.7349280714988708,0.14631229639053345,0.001922607421875,0.25,0.748077392578125,0.4176900386810303,0.72,0.13076752424240112,0.02086520940065384
7,0.684665858745575,0.6766796112060547,0.15972480177879333,0.0023345947265625,0.25,0.7476654052734375,0.4217906892299652,0.72,0.1269569844007492,0.022636521607637405
8,0.706495463848114,0.6974942684173584,0.15752103924751282,0.00244140625,0.25,0.74755859375,0.4199613928794861,0.72,0.12932991981506348,0.022054485976696014
9,0.7335309386253357,0.7196921110153198,0.21527099609375,0.0030975341796875,0.25,0.7469024658203125,0.41919660568237305,0.72,0.12985819578170776,0.021797943860292435
10,0.7440114617347717,0.7325539588928223,0.16040527820587158,0.002532958984375,0.25,0.747467041015625,0.41908299922943115,0.72,0.1293579638004303,0.02202030085027218
11,0.6578109264373779,0.6467347145080566,0.14096958935260773,0.0003814697265625,0.25,0.7496185302734375,0.4179186522960663,0.72,0.12949678301811218,0.023518139496445656
12,0.6513740420341492,0.6363120675086975,0.17572277784347534,0.0027313232421875,0.25,0.7472686767578125,0.41955292224884033,0.72,0.12890824675559998,0.02163871005177498
13,0.6895032525062561,0.6745269298553467,0.16128353774547577,0.0021820068359375,0.25,0.7478179931640625,0.4208395481109619,0.72,0.12732668220996857,0.026472315192222595
14,0.6916751265525818,0.6757700443267822,0.1590506136417389,0.001556396484375,0.25,0.748443603515625,0.41747352480888367,0.72,0.12975791096687317,0.020984403789043427
15,0.7559601068496704,0.7410383224487305,0.1392701268196106,0.0010528564453125,0.25,0.7489471435546875,0.41987794637680054,0.72,0.1280553638935089,0.020173244178295135
16,0.6659238338470459,0.6501219868659973,0.1382663995027542,0.00244140625,0.25,0.74755859375,0.4197514057159424,0.72,0.12829801440238953,0.0190290380269289
17,0.7197352051734924,0.7032075524330139,0.13611015677452087,0.0038299560546875,0.25,0.7461700439453125,0.42417269945144653,0.72,0.12588337063789368,0.025674190372228622
18,0.728132426738739,0.7085162401199341,0.1525702029466629,0.0052032470703125,0.25,0.7447967529296875,0.4208659529685974,0.72,0.12960344552993774,0.01968958228826523
19,0.668104887008667,0.6493761539459229,0.1380012333393097,0.001861572265625,0.25,0.748138427734375,0.41843247413635254,0.72,0.12861983478069305,0.020429210737347603
20,0.7071536183357239,0.6866163015365601,0.1437612622976303,0.0026397705078125,0.25,0.7473602294921875,0.4197247624397278,0.72,0.12821781635284424,0.024440718814730644
21,0.7132232785224915,0.6935333609580994,0.13126599788665771,0.0006561279296875,0.25,0.7493438720703125,0.4168691039085388,0.72,0.12935099005699158,0.020379861816763878
22,0.7610600590705872,0.7396937012672424,0.13596762716770172,0.002044677734375,0.25,0.747955322265625,0.42001569271087646,0.72,0.1286451667547226,0.022063184529542923
23,0.7120682597160339,0.6865478754043579,0.15534144639968872,0.0038909912109375,0.25,0.7461090087890625,0.41773515939712524,0.72,0.13043765723705292,0.01930374838411808
24,0.6265470385551453,0.6041858196258545,0.13044042885303497,0.0002288818359375,0.25,0.7497711181640625,0.4169151782989502,0.72,0.1306391954421997,0.0194216500967741
25,0.6751715540885925,0.6524030566215515,0.12750370800495148,0.0016937255859375,0.25,0.7483062744140625,0.419907808303833,0.72,0.12701144814491272,0.02018764242529869
26,0.7298805117607117,0.7043367028236389,0.1375436931848526,0.0039520263671875,0.25,0.7460479736328125,0.42240744829177856,0.72,0.12872572243213654,0.023625407367944717
27,0.6470733880996704,0.6208899021148682,0.13576629757881165,0.002655029296875,0.25,0.747344970703125,0.41737839579582214,0.72,0.12975458800792694,0.018841315060853958
28,0.7143153548240662,0.6886142492294312,0.1285056471824646,0.001708984375,0.25,0.748291015625,0.41926297545433044,0.72,0.12771064043045044,0.02456594817340374
29,0.757492184638977,0.7307276129722595,0.1292082816362381,0.001220703125,0.25,0.748779296875,0.41698378324508667,0.72,0.12888939678668976,0.021625174209475517
30,0.7524257302284241,0.7254955172538757,0.12567438185214996,0.0013275146484375,0.25,0.7486724853515625,0.41969043016433716,0.72,0.12640614807605743,0.022549519315361977
31,0.7220852375030518,0.6945934295654297,0.12415651232004166,0.000457763671875,0.25,0.749542236328125,0.41651204228401184,0.72,0.12875564396381378,0.022582262754440308
32,0.728497326374054,0.7000426650047302,0.12448923289775848,0.0009765625,0.25,0.7490234375,0.41692018508911133,0.72,0.12892232835292816,0.02184390462934971
33,0.7723063230514526,0.7421892285346985,0.12776942551136017,0.000946044921875,0.25,0.749053955078125,0.41995295882225037,0.72,0.12675884366035461,0.02729962207376957
34,0.5921114087104797,0.5601282119750977,0.13169553875923157,0.0021514892578125,0.25,0.7478485107421875,0.4167593717575073,0.72,0.1289404034614563,0.021843846887350082
35,0.7019152641296387,0.6709760427474976,0.12375697493553162,0.00103759765625,0.25,0.74896240234375,0.4185143709182739,0.72,0.12666812539100647,0.022796303033828735
36,0.6784369945526123,0.645166277885437,0.12938623130321503,0.003509521484375,0.25,0.746490478515625,0.42204752564430237,0.72,0.1256764978170395,0.027515586465597153
37,0.7515252232551575,0.7146033644676208,0.1397043913602829,0.0045928955078125,0.25,0.7454071044921875,0.41865381598472595,0.72,0.12914249300956726,0.017176518216729164
38,0.7665787935256958,0.7326686978340149,0.12493202090263367,0.00250244140625,0.25,0.74749755859375,0.41950172185897827,0.72,0.12707339227199554,0.02083941549062729
39,0.6801349520683289,0.6434168815612793,0.13180838525295258,0.0051422119140625,0.25,0.7448577880859375,0.4205561578273773,0.72,0.1279560774564743,0.018848752602934837
40,0.7290199995040894,0.6943787336349487,0.12124436348676682,0.002105712890625,0.25,0.747894287109375,0.41838014125823975,0.72,0.12773992121219635,0.02207810990512371
41,0.6993502974510193,0.6640953421592712,0.12038268893957138,0.00115966796875,0.25,0.74884033203125,0.417994886636734,0.72,0.12726931273937225,0.02083617076277733
42,0.724979817867279,0.6896366477012634,0.11781056225299835,0.00445556640625,0.25,0.74554443359375,0.4216735064983368,0.72,0.12678107619285583,0.025916896760463715
43,0.6825595498085022,0.6482253670692444,0.11178566515445709,0.001617431640625,0.25,0.748382568359375,0.4180818796157837,0.72,0.12647387385368347,0.02346108667552471
44,0.6682769656181335,0.6330961585044861,0.11193898320198059,0.0009613037109375,0.25,0.7490386962890625,0.4184035062789917,0.72,0.12677490711212158,0.02140028402209282
45,0.7381179332733154,0.6988586783409119,0.12213992327451706,0.0037689208984375,0.25,0.7462310791015625,0.42086535692214966,0.72,0.12666335701942444,0.025579873472452164
46,0.7632514834403992,0.7261807322502136,0.1128239631652832,0.0015106201171875,0.25,0.7484893798828125,0.41761308908462524,0.72,0.12633799016475677,0.02409672737121582
47,0.6223448514938354,0.5815998315811157,0.12136821448802948,0.0024261474609375,0.25,0.7475738525390625,0.4187180697917938,0.72,0.12741075456142426,0.019669653847813606
48,0.7229825854301453,0.6832417249679565,0.1159108355641365,0.0025634765625,0.25,0.7474365234375,0.4213424324989319,0.72,0.12498779594898224,0.023267092183232307
49,0.7406376600265503,0.7017184495925903,0.111197829246521,0.0019073486328125,0.25,0.7480926513671875,0.41751331090927124,0.72,0.1276237964630127,0.019282598048448563
50,0.7816981077194214,0.7420750856399536,0.11320856213569641,0.001739501953125,0.25,0.748260498046875,0.4163867235183716,0.72,0.12754830718040466,0.01982911117374897
51,0.7977028489112854,0.7534467577934265,0.12644600868225098,0.007080078125,0.25,0.742919921875,0.42287322878837585,0.7798672914505005,0.12705668807029724,0.023881904780864716
52,0.7385004758834839,0.6992553472518921,0.11212891340255737,0.001739501953125,0.25,0.748260498046875,0.41578924655914307,0.72,0.1272517442703247,0.019091667607426643
53,0.7840026021003723,0.7435399293899536,0.11560768634080887,0.003387451171875,0.25,0.746612548828125,0.4172653555870056,0.72,0.1266595870256424,0.020654836669564247
54,0.7259230613708496,0.68300461769104,0.12262411415576935,0.002197265625,0.25,0.747802734375,0.41665661334991455,0.72,0.12693005800247192,0.022526882588863373
55,0.7650111317634583,0.7261239886283875,0.11110605299472809,0.002105712890625,0.25,0.747894287109375,0.4175944924354553,0.72,0.12546716630458832,0.02279558777809143
56,0.7887085676193237,0.7489152550697327,0.1136951893568039,0.00360107421875,0.25,0.74639892578125,0.4187302887439728,0.72,0.12528866529464722,0.021013997495174408
57,0.7407812476158142,0.7007243037223816,0.1144484132528305,0.006988525390625,0.25,0.743011474609375,0.4212281405925751,0.7300917506217957,0.12641146779060364,0.01791997067630291
58,0.770605206489563,0.7345417141914368,0.10303850471973419,0.0016021728515625,0.2500152587890625,0.748382568359375,0.4177164137363434,0.72,0.12465319782495499,0.021492671221494675
59,0.789953887462616,0.7540896534919739,0.102469302713871,0.0006561279296875,0.25,0.7493438720703125,0.41586416959762573,0.72,0.12582699954509735,0.02264522761106491
60,0.7852410078048706,0.7492732405662537,0.10276500135660172,0.003173828125,0.25,0.746826171875,0.41823822259902954,0.72,0.12403310835361481,0.020010460168123245
61,0.6950433254241943,0.6597957015037537,0.1007075384259224,0.00030517578125,0.25,0.74969482421875,0.4155893325805664,0.72,0.1255401372909546,0.023739077150821686
62,0.8402056097984314,0.8021876811981201,0.10862260311841965,0.0024871826171875,0.25,0.7475128173828125,0.41526585817337036,0.72,0.12564818561077118,0.021699218079447746
63,0.7129676938056946,0.675022304058075,0.10841535776853561,0.0048828125,0.25,0.7451171875,0.41689831018447876,0.72,0.12529657781124115,0.02177981659770012
64,0.790524959564209,0.7563488483428955,0.097646065056324,0.0010223388671875,0.25,0.7489776611328125,0.41476720571517944,0.72,0.1255967766046524,0.022630611434578896
65,0.6619313359260559,0.6221445202827454,0.11367667466402054,0.005615234375,0.25,0.744384765625,0.4175538122653961,0.72,0.12410123646259308,0.019536305218935013
66,0.6937560439109802,0.6588292717933655,0.0997907891869545,0.001129150390625,0.25,0.748870849609375,0.4141964316368103,0.72,0.12561051547527313,0.02077711746096611
67,0.6805622577667236,0.6482153534889221,0.09241978824138641,0.002685546875,0.25,0.747314453125,0.418182909488678,0.72,0.12242747843265533,0.022099077701568604
68,0.6542159914970398,0.6168521046638489,0.10675390809774399,0.0077667236328125,0.25,0.7422332763671875,0.41716763377189636,0.7331137657165527,0.12530677020549774,0.01830378919839859
69,0.7356501817703247,0.6956890821456909,0.11417463421821594,0.005340576171875,0.25,0.744659423828125,0.4141889214515686,0.72,0.12772607803344727,0.016112087294459343
70,0.8295180201530457,0.7946728467941284,0.09955756366252899,0.003143310546875,0.25,0.746856689453125,0.4159781336784363,0.72,0.12337882816791534,0.022586045786738396
71,0.7525852918624878,0.7197948694229126,0.09368686378002167,0.0015716552734375,0.25,0.7484283447265625,0.4155115485191345,0.72,0.123741015791893,0.02122602052986622
72,0.7419132590293884,0.7064514756202698,0.1013193279504776,0.00347900390625,0.25,0.74652099609375,0.4157576262950897,0.72,0.12556377053260803,0.019028224050998688
73,0.7165327072143555,0.6831390857696533,0.09541033208370209,0.00311279296875,0.25,0.74688720703125,0.4148942530155182,0.72,0.12372319400310516,0.022434676066040993
74,0.7446945905685425,0.7078303098678589,0.10532650351524353,0.0043792724609375,0.25,0.7456207275390625,0.41531506180763245,0.72,0.12569157779216766,0.019322268664836884
75,0.6464515328407288,0.6103287935256958,0.10320783406496048,0.006256103515625,0.25,0.743743896484375,0.4187992215156555,0.7792190909385681,0.12337811291217804,0.020775150507688522
76,0.7241163849830627,0.6881782412528992,0.10268048942089081,0.0040740966796875,0.25,0.7459259033203125,0.41658079624176025,0.72,0.12227410823106766,0.023941250517964363
77,0.6865257024765015,0.6427140831947327,0.12517602741718292,0.006866455078125,0.25,0.743133544921875,0.41881346702575684,0.7709174752235413,0.12295804172754288,0.021854588761925697
78,0.6911695599555969,0.6564257144927979,0.09926817566156387,0.0029144287109375,0.2500152587890625,0.7470703125,0.41282033920288086,0.72,0.12528987228870392,0.021279949694871902
79,0.6832246780395508,0.6471380591392517,0.1031046062707901,0.0045166015625,0.25,0.7454833984375,0.4170078635215759,0.72,0.12226226925849915,0.020933857187628746
80,0.7073147296905518,0.6750404238700867,0.09221228212118149,0.001495361328125,0.25,0.748504638671875,0.413943350315094,0.72,0.12308068573474884,0.021071676164865494
81,0.7945774793624878,0.7619396448135376,0.09325088560581207,0.000946044921875,0.25,0.749053955078125,0.4117802083492279,0.72,0.12531907856464386,0.01972203701734543
82,0.7974377870559692,0.761018693447113,0.10405460745096207,0.004119873046875,0.25,0.745880126953125,0.4147624969482422,0.72,0.1217857226729393,0.021823640912771225
83,0.6128027439117432,0.5762748122215271,0.10436559468507767,0.00762939453125,0.25,0.74237060546875,0.4173869490623474,0.7861217260360718,0.12356971204280853,0.02102469652891159
84,0.7328750491142273,0.7015942931175232,0.08937358111143112,0.0035400390625,0.25,0.7464599609375,0.4143119156360626,0.72,0.1224365085363388,0.02358008176088333
85,0.6020906567573547,0.5668281316757202,0.10075011849403381,0.0077667236328125,0.25,0.7422332763671875,0.41727134585380554,0.7713319063186646,0.12181908637285233,0.023510977625846863
86,0.6622790098190308,0.629248321056366,0.09437341243028641,0.004150390625,0.25,0.745849609375,0.41651397943496704,0.72,0.1203160434961319,0.02276524528861046
87,0.697476327419281,0.6592435836791992,0.10923638194799423,0.0030059814453125,0.25,0.7469940185546875,0.41358819603919983,0.72,0.12167546153068542,0.019453950226306915
88,0.6079016327857971,0.576353907585144,0.0901363417506218,0.00286865234375,0.25,0.74713134765625,0.4128754734992981,0.72,0.1226726546883583,0.01978236995637417
89,0.709003746509552,0.675944983959198,0.09445368498563766,0.0072784423828125,0.25,0.7427215576171875,0.414975106716156,0.7674260139465332,0.12371303141117096,0.01878591626882553
90,0.823883056640625,0.7943444848060608,0.0843958780169487,0.0022125244140625,0.25,0.7477874755859375,0.41334232687950134,0.72,0.12113815546035767,0.020654909312725067
91,0.6974385380744934,0.660267174243927,0.10620387643575668,0.007232666015625,0.25,0.742767333984375,0.4162958860397339,0.7357802987098694,0.11979541182518005,0.025665417313575745
92,0.7132771015167236,0.6844200491905212,0.08244875818490982,0.004486083984375,0.25,0.745513916015625,0.4140506386756897,0.72,0.1206744834780693,0.019654445350170135
93,0.6614306569099426,0.6315875053405762,0.08526621758937836,0.0015716552734375,0.25,0.7484283447265625,0.41075971722602844,0.72,0.1215621829032898,0.01969878375530243
94,0.6538827419281006,0.6242226958274841,0.0847429409623146,0.002960205078125,0.25,0.747039794921875,0.412234365940094,0.72,0.12122237682342529,0.02139989286661148
95,0.6578658223152161,0.6285792589187622,0.08367594331502914,0.00347900390625,0.25,0.74652099609375,0.4127407670021057,0.72,0.1202722117304802,0.02026035636663437
96,0.7316412329673767,0.7015437483787537,0.08599288016557693,0.00323486328125,0.25,0.74676513671875,0.41440048813819885,0.72,0.11824477463960648,0.023973485454916954
97,0.6516007781028748,0.6209974884986877,0.08743800222873688,0.0048980712890625,0.25,0.7451019287109375,0.41396579146385193,0.72,0.12149687111377716,0.02157670073211193
98,0.6148594617843628,0.5853554606437683,0.08429718762636185,0.00341796875,0.25,0.74658203125,0.41197478771209717,0.72,0.12054542452096939,0.021547231823205948
99,0.7003129720687866,0.671372652053833,0.08268670737743378,0.002899169921875,0.25,0.747100830078125,0.4128342270851135,0.72,0.11867038160562515,0.021721502766013145
100,0.7062875628471375,0.6766879558563232,0.08457024395465851,0.0052947998046875,0.25,0.7447052001953125,0.41379961371421814,0.72,0.11909404397010803,0.02299041487276554
101,0.6726140379905701,0.6433670520782471,0.08356276899576187,0.002838134765625,0.25,0.747161865234375,0.411801815032959,0.72,0.11920803785324097,0.021704360842704773
102,0.7450329661369324,0.7182061672210693,0.07664802670478821,0.0021820068359375,0.25,0.7478179931640625,0.41264522075653076,0.72,0.11781059205532074,0.020649755373597145
103,0.7012437582015991,0.6706767678260803,0.08733431249856949,0.004730224609375,0.25,0.745269775390625,0.4119753837585449,0.72,0.11844339966773987,0.019859127700328827
104,0.8101505041122437,0.7828217148780823,0.07808221131563187,0.0021820068359375,0.25,0.7478179931640625,0.41231557726860046,0.72,0.11835425347089767,0.023483041673898697
105,0.6675359606742859,0.6274758577346802,0.11445747315883636,0.0076904296875,0.25,0.7423095703125,0.41600102186203003,0.7507528066635132,0.11780498921871185,0.020853158086538315
106,0.7361682057380676,0.7039755582809448,0.091979019343853,0.0065765380859375,0.25,0.7434234619140625,0.4144185781478882,0.8583081960678101,0.12012582272291183,0.020051561295986176
107,0.7563818097114563,0.7163984179496765,0.11423831433057785,0.0069122314453125,0.25,0.7430877685546875,0.415424644947052,0.7431803941726685,0.11797453463077545,0.023259351029992104
108,0.703371524810791,0.6730445623397827,0.08664846420288086,0.0066070556640625,0.25,0.7433929443359375,0.4147999584674835,0.757980227470398,0.11675137281417847,0.023670796304941177
109,0.693929135799408,0.6658549904823303,0.08021180331707001,0.001129150390625,0.25,0.748870849609375,0.40844643115997314,0.72,0.11909071356058121,0.021889997646212578
110,0.6782132983207703,0.6504166126251221,0.0794191062450409,0.002471923828125,0.25,0.747528076171875,0.411251425743103,0.72,0.11653590202331543,0.023682210594415665
111,0.6771540641784668,0.6512471437454224,0.07401969283819199,0.0019989013671875,0.25,0.7480010986328125,0.40970754623413086,0.72,0.11787981539964676,0.019285134971141815
112,0.6927073001861572,0.6627299785614014,0.08564946800470352,0.0027618408203125,0.25,0.7472381591796875,0.41069871187210083,0.72,0.11782354861497879,0.019754542037844658
113,0.7010679841041565,0.6767914295196533,0.06936166435480118,0.0028228759765625,0.25,0.7471771240234375,0.4095762073993683,0.72,0.11718648672103882,0.02071528136730194
114,0.714474618434906,0.6889396905899048,0.07295697927474976,0.0045318603515625,0.25,0.7454681396484375,0.4091598391532898,0.72,0.11712822318077087,0.020857740193605423
115,0.7168490886688232,0.6911085247993469,0.07354448735713959,0.0037689208984375,0.25,0.7462310791015625,0.4106675386428833,0.72,0.11584961414337158,0.02449106052517891
116,0.6866487264633179,0.6615787148475647,0.07162867486476898,0.002777099609375,0.25,0.747222900390625,0.40843069553375244,0.72,0.1177588477730751,0.021960008889436722
117,0.5791599154472351,0.5509201288223267,0.08068511635065079,0.0029144287109375,0.25,0.7470855712890625,0.4095102548599243,0.72,0.115876704454422,0.02096475474536419
118,0.7257891893386841,0.6943210363388062,0.08990907669067383,0.0019683837890625,0.25,0.7480316162109375,0.4094248414039612,0.72,0.11502507328987122,0.022201724350452423
119,0.7911346554756165,0.7609326243400574,0.0862915962934494,0.006622314453125,0.25,0.743377685546875,0.40830111503601074,0.72,0.11942518502473831,0.019606878980994225
120,0.7019408941268921,0.6741716265678406,0.07934081554412842,0.0030517578125,0.25,0.7469482421875,0.4082845449447632,0.72,0.11614111065864563,0.01883438602089882
121,0.8145683407783508,0.7909005284309387,0.06762225925922394,0.0005950927734375,0.25,0.7494049072265625,0.4050784111022949,0.72,0.11749810725450516,0.02099667303264141
122,0.6535214781761169,0.6277472972869873,0.07364056259393692,0.005706787109375,0.25,0.744293212890625,0.41022008657455444,0.72,0.11431954056024551,0.023251425474882126
123,0.5676563382148743,0.5416793823242188,0.07421983778476715,0.003875732421875,0.25,0.746124267578125,0.4073716402053833,0.72,0.11791344732046127,0.017952751368284225
124,0.6875229477882385,0.6633950471878052,0.0689367949962616,0.0046844482421875,0.25,0.7453155517578125,0.4084365963935852,0.72,0.11439026892185211,0.020255468785762787
125,0.6953975558280945,0.6663143038749695,0.08309493213891983,0.0067596435546875,0.25,0.7432403564453125,0.40441763401031494,0.72,0.11957959830760956,0.01780271716415882
126,0.7051441669464111,0.6798862814903259,0.07216546684503555,0.00341796875,0.25,0.74658203125,0.407870888710022,0.72,0.1150420680642128,0.021033793687820435
127,0.6727854013442993,0.6496742367744446,0.06603198498487473,0.0017242431640625,0.25,0.7482757568359375,0.40540361404418945,0.72,0.1161946952342987,0.019064338877797127
128,0.7572507262229919,0.7287987470626831,0.0812913328409195,0.00634765625,0.25,0.74365234375,0.40657466650009155,0.72,0.11571473628282547,0.018969861790537834
129,0.6279101371765137,0.5814635157585144,0.1327047049999237,0.0055694580078125,0.25,0.7444305419921875,0.4095051884651184,0.72,0.11209748685359955,0.021211963146924973
130,0.6873354911804199,0.6589424014091492,0.08112315833568573,0.004547119140625,0.25,0.745452880859375,0.40722811222076416,0.72,0.11316104233264923,0.023683223873376846
131,0.6904230117797852,0.657569169998169,0.09386811405420303,0.0044097900390625,0.25,0.7455902099609375,0.4072936773300171,0.72,0.113047756254673,0.020624781027436256
132,0.6799694299697876,0.654564380645752,0.07258585095405579,0.0045928955078125,0.25,0.7454071044921875,0.4050055742263794,0.7415879964828491,0.11566992104053497,0.01970325969159603
133,0.7130376696586609,0.6816338896751404,0.089725062251091,0.007171630859375,0.25,0.742828369140625,0.4112093150615692,0.7435424327850342,0.10957692563533783,0.028391065075993538
134,0.6811999082565308,0.6543983221054077,0.07657604664564133,0.0054473876953125,0.25,0.7445526123046875,0.40781301259994507,0.72,0.11258836090564728,0.021633297204971313
135,0.6210810542106628,0.5965642333030701,0.07004806399345398,0.0032501220703125,0.25,0.7467498779296875,0.4098552465438843,0.72,0.10877666622400284,0.027169357985258102
136,0.6100051403045654,0.5848377346992493,0.07190682739019394,0.0040130615234375,0.25,0.7459869384765625,0.4079377055168152,0.72,0.11119940876960754,0.021535905078053474
137,0.6624561548233032,0.6379990577697754,0.06987740844488144,0.0046539306640625,0.25,0.7453460693359375,0.4047272801399231,0.72,0.11452895402908325,0.020562775433063507
138,0.8351183533668518,0.8015259504318237,0.09597834944725037,0.0061187744140625,0.25,0.7438812255859375,0.4073726236820221,0.7331200242042542,0.11068578064441681,0.02373417839407921
139,0.736808180809021,0.7100715041160583,0.07639044523239136,0.00787353515625,0.25,0.74212646484375,0.40420258045196533,0.8400499820709229,0.11803415417671204,0.016939129680395126
140,0.7487365007400513,0.7194527387619019,0.08366796374320984,0.005615234375,0.25,0.744384765625,0.41003531217575073,0.72,0.10844095051288605,0.024168474599719048
